Id,TranslatedName,Name,PhysicsAtkRate,MagicAtkRate,FireAtkRate,ThunderAtkRate,StaminaAtkRate,SaWeaponAtkRate,SaDurabilityRate,CorrectStrengthRate,CorrectAgilityRate,CorrectMagicRate,CorrectFaithRate,PhysicsGuardCutRate,MagicGuardCutRate,FireGuardCutRate,ThunderGuardCutRate,PoisonGuardResistRate,DiseaseGuardResistRate,BloodGuardResistRate,CurseGuardResistRate,StaminaGuardDefRate,SpEffectId1,SpEffectId2,SpEffectId3,ResidentSpEffectId1,ResidentSpEffectId2,ResidentSpEffectId3,MaterialSetId
9900,[Bow] chaos,【弓】混沌,2.5,1,2.7,1,2,1,1,1,1,1,1,1,1,1,1,1,1,1,1,1,0,0,0,0,0,0,0
9901,[Bow] chaos +1,【弓】混沌＋1,2.8,1,3.04,1,2.1,1,1,1,1,1,1,1,1,1,1,1,1,1,1,1,0,0,0,0,0,0,1
9902,[Bow] chaos +2,【弓】混沌＋2,3.1,1,3.38,1,2.2,1,1,1,1,1,1,1,1,1,1,1,1,1,1,1,0,0,0,0,0,0,2
9903,[Bow] chaos +3,【弓】混沌＋3,3.4,1,3.72,1,2.3,1,1,1,1,1,1,1,1,1,1,1,1,1,1,1,0,0,0,0,0,0,3
9904,[Bow] chaos +4,【弓】混沌＋4,3.7,1,4.06,1,2.4,1,1,1,1,1,1,1,1,1,1,1,1,1,1,1,0,0,0,0,0,0,4
9905,[Bow] chaos +5,【弓】混沌＋5,4,1,4.4,1,2.5,1,1,1,1,1,1,1,1,1,1,1,1,1,1,1,0,0,0,0,0,0,5
9800,[Bow] flame,【弓】炎,1.8,1,1.8,1,1.5,1,1,1,1,1,1,1,1,1,1,1,1,1,1,1,0,0,0,0,0,0,0
9801,[Bow] flame +1,【弓】炎＋1,2.07,1,2.07,1,1.6,1,1,1,1,1,1,1,1,1,1,1,1,1,1,1,0,0,0,0,0,0,1
9810,[Bow] flame +10,【弓】炎＋10,4.5,1,4.5,1,2.5,1,1,1,1,1,1,1,1,1,1,1,1,1,1,1,0,0,0,0,0,0,10
9802,[Bow] flame +2,【弓】炎＋2,2.34,1,2.34,1,1.7,1,1,1,1,1,1,1,1,1,1,1,1,1,1,1,0,0,0,0,0,0,2
9803,[Bow] flame +3,【弓】炎＋3,2.61,1,2.61,1,1.8,1,1,1,1,1,1,1,1,1,1,1,1,1,1,1,0,0,0,0,0,0,3
9804,[Bow] flame +4,【弓】炎＋4,2.88,1,2.88,1,1.9,1,1,1,1,1,1,1,1,1,1,1,1,1,1,1,0,0,0,0,0,0,4
9805,[Bow] flame +5,【弓】炎＋5,3.15,1,3.15,1,2,1,1,1,1,1,1,1,1,1,1,1,1,1,1,1,0,0,0,0,0,0,5
9806,[Bow] flame +6,【弓】炎＋6,3.42,1,3.42,1,2.1,1,1,1,1,1,1,1,1,1,1,1,1,1,1,1,0,0,0,0,0,0,6
9807,[Bow] flame +7,【弓】炎＋7,3.69,1,3.69,1,2.2,1,1,1,1,1,1,1,1,1,1,1,1,1,1,1,0,0,0,0,0,0,7
9808,[Bow] flame +8,【弓】炎＋8,3.96,1,3.96,1,2.3,1,1,1,1,1,1,1,1,1,1,1,1,1,1,1,0,0,0,0,0,0,8
9809,[Bow] flame +9,【弓】炎＋9,4.23,1,4.23,1,2.4,1,1,1,1,1,1,1,1,1,1,1,1,1,1,1,0,0,0,0,0,0,9
9500,[Bow] magic B,【弓】魔法B,2,2,1,1,2,1,1,1.15,1.15,1.05,1,1,1,1,1,1,1,1,1,1,0,0,0,0,0,0,0
9501,[Bow] magic B + 1,【弓】魔法B＋1,2.08,2.06,1,1,2.1,1,1,1.15,1.15,1.12,1,1,1,1,1,1,1,1,1,1,0,0,0,0,0,0,1
9502,[Bow] magic B + 2,【弓】魔法B＋2,2.16,2.12,1,1,2.2,1,1,1.15,1.15,1.19,1,1,1,1,1,1,1,1,1,1,0,0,0,0,0,0,2
9503,[Bow] magic B + 3,【弓】魔法B＋3,2.24,2.18,1,1,2.3,1,1,1.15,1.15,1.26,1,1,1,1,1,1,1,1,1,1,0,0,0,0,0,0,3
9504,[Bow] magic B + 4,【弓】魔法B＋4,2.32,2.24,1,1,2.4,1,1,1.2,1.2,1.33,1,1,1,1,1,1,1,1,1,1,0,0,0,0,0,0,4
9505,[Bow] magic B + 5,【弓】魔法B＋5,2.4,2.32,1,1,2.5,1,1,1.2,1.2,1.4,1,1,1,1,1,1,1,1,1,1,0,0,0,0,0,0,5
9200,[Bow] thunder,【弓】雷,3.7,1,1,4.1,2,1,1,1,1,1,1,1,1,1,1,1,1,1,1,1,0,0,0,0,0,0,0
9201,[Bow] thunder +1,【弓】雷＋1,3.88,1,1,4.28,2.1,1,1,1,1,1,1,1,1,1,1,1,1,1,1,1,0,0,0,0,0,0,1
9202,[Bow] thunder +2,【弓】雷＋2,4.06,1,1,4.46,2.2,1,1,1,1,1,1,1,1,1,1,1,1,1,1,1,0,0,0,0,0,0,2
9203,[Bow] thunder +3,【弓】雷＋3,4.24,1,1,4.64,2.3,1,1,1,1,1,1,1,1,1,1,1,1,1,1,1,0,0,0,0,0,0,3
9204,[Bow] thunder +4,【弓】雷＋4,4.42,1,1,4.82,2.4,1,1,1,1,1,1,1,1,1,1,1,1,1,1,1,0,0,0,0,0,0,4
9205,[Bow] thunder +5,【弓】雷＋5,4.6,1,1,5,2.5,1,1,1,1,1,1,1,1,1,1,1,1,1,1,1,0,0,0,0,0,0,5
2300,[Club dedicated Crude,【クラブ専用】粗製,1.5,1,1,1,1.7,1,1,1.1,1.1,1,1,1,1,1,1,1,1,1,1,1,0,0,0,0,0,0,0
2302,[Club dedicated Crude +2,【クラブ専用】粗製＋2,1.64,1,1,1,1.9,1,1,1.1,1.1,1,1,1,1,1,1,1,1,1,1,1,0,0,0,0,0,0,2
2303,[Club dedicated Crude +3,【クラブ専用】粗製＋3,1.71,1,1,1,2,1,1,1.1,1.1,1,1,1,1,1,1,1,1,1,1,1,0,0,0,0,0,0,3
2000,[Club dedicated Normally,【クラブ専用】通常,1,1,1,1,1,1,1,1,1,1,1,1,1,1,1,1,1,1,1,1,0,0,0,0,0,0,0
2001,[Club dedicated Normally +1,【クラブ専用】通常＋1,1.1,1,1,1,1.1,1,1,1.05,1.05,1,1,1,1,1,1,1,1,1,1,1,0,0,0,0,0,0,1
2010,[Club dedicated Normally +10,【クラブ専用】通常＋10,1.85,1,1,1,2,1,1,1.1,1.1,1,1,1,1,1,1,1,1,1,1,1,0,0,0,0,0,0,10
2011,[Club dedicated Normally +11,【クラブ専用】通常＋11,1.9,1,1,1,2.1,1,1,1.15,1.15,1,1,1,1,1,1,1,1,1,1,1,0,0,0,0,0,0,11
2012,[Club dedicated Normally +12,【クラブ専用】通常＋12,1.95,1,1,1,2.2,1,1,1.15,1.15,1,1,1,1,1,1,1,1,1,1,1,0,0,0,0,0,0,12
2013,[Club dedicated Normally +13,【クラブ専用】通常＋13,2,1,1,1,2.3,1,1,1.15,1.15,1,1,1,1,1,1,1,1,1,1,1,0,0,0,0,0,0,13
2014,[Club dedicated Normally +14,【クラブ専用】通常＋14,2.05,1,1,1,2.4,1,1,1.2,1.2,1,1,1,1,1,1,1,1,1,1,1,0,0,0,0,0,0,14
2015,[Club dedicated Normally +15,【クラブ専用】通常＋15,2.1,1,1,1,2.5,1,1,1.2,1.2,1,1,1,1,1,1,1,1,1,1,1,0,0,0,0,0,0,15
2002,[Club dedicated Normally +2,【クラブ専用】通常＋2,1.2,1,1,1,1.2,1,1,1.05,1.05,1,1,1,1,1,1,1,1,1,1,1,0,0,0,0,0,0,2
2003,[Club dedicated Normally +3,【クラブ専用】通常＋3,1.3,1,1,1,1.3,1,1,1.05,1.05,1,1,1,1,1,1,1,1,1,1,1,0,0,0,0,0,0,3
2004,[Club dedicated Normally +4,【クラブ専用】通常＋4,1.4,1,1,1,1.4,1,1,1.05,1.05,1,1,1,1,1,1,1,1,1,1,1,0,0,0,0,0,0,4
2005,[Club dedicated Normally +5,【クラブ専用】通常＋5,1.5,1,1,1,1.5,1,1,1.05,1.05,1,1,1,1,1,1,1,1,1,1,1,0,0,0,0,0,0,5
2006,[Club dedicated Normally +6,【クラブ専用】通常＋6,1.57,1,1,1,1.6,1,1,1.1,1.1,1,1,1,1,1,1,1,1,1,1,1,0,0,0,0,0,0,6
2007,[Club dedicated Normally +7,【クラブ専用】通常＋7,1.64,1,1,1,1.7,1,1,1.1,1.1,1,1,1,1,1,1,1,1,1,1,1,0,0,0,0,0,0,7
2008,[Club dedicated Normally +8,【クラブ専用】通常＋8,1.71,1,1,1,1.8,1,1,1.1,1.1,1,1,1,1,1,1,1,1,1,1,1,0,0,0,0,0,0,8
2009,[Club dedicated Normally +9,【クラブ専用】通常＋9,1.78,1,1,1,1.9,1,1,1.1,1.1,1,1,1,1,1,1,1,1,1,1,1,0,0,0,0,0,0,9
2901,[Club dedicated] chaos of flame +1,【クラブ専用】混沌の炎＋1,1.74,1,1.74,1,2.1,1,1,1,1,1,1,1,1,1.02,1,1,1,1,1,1,0,0,0,0,0,0,1
2902,[Club dedicated] chaos of flame +2,【クラブ専用】混沌の炎＋2,1.77,1,1.77,1,2.2,1,1,1,1,1,1,1,1,1.04,1,1,1,1,1,1,0,0,0,0,0,0,2
2903,[Club dedicated] chaos of flame +3,【クラブ専用】混沌の炎＋3,1.8,1,1.8,1,2.3,1,1,1,1,1,1,1,1,1.06,1,1,1,1,1,1,0,0,0,0,0,0,3
2904,[Club dedicated] chaos of flame +4,【クラブ専用】混沌の炎＋4,1.83,1,1.83,1,2.4,1,1,1,1,1,1,1,1,1.08,1,1,1,1,1,1,0,0,0,0,0,0,4
2905,[Club dedicated] chaos of flame +5,【クラブ専用】混沌の炎＋5,1.88,1,1.88,1,2.5,1,1,1,1,1,1,1,1,1.1,1,1,1,1,1,1,0,0,0,0,0,0,5
2900,[Club dedicated] chaos of the flame,【クラブ専用】混沌の炎,1.71,1,1.71,1,2,1,1,1,1,1,1,1,1,1,1,1,1,1,1,1,0,0,0,0,0,0,0
2100,[Club-only] crystal,【クラブ専用】結晶,2,1,1,1,2,1,1,1.15,1.15,1,1,1,1,1,1,1,1,1,1,1,0,0,0,0,0,0,0
2101,[Club-only] crystal +1,【クラブ専用】結晶＋1,2.05,1,1,1,2.1,1,1,1.15,1.15,1,1,1,1,1,1,1,1,1,1,1,0,0,0,0,0,0,1
2102,[Club-only] crystal +2,【クラブ専用】結晶＋2,2.1,1,1,1,2.2,1,1,1.15,1.15,1,1,1,1,1,1,1,1,1,1,1,0,0,0,0,0,0,2
2103,[Club-only] crystal +3,【クラブ専用】結晶＋3,2.15,1,1,1,2.3,1,1,1.15,1.15,1,1,1,1,1,1,1,1,1,1,1,0,0,0,0,0,0,3
2104,[Club-only] crystal +4,【クラブ専用】結晶＋4,2.2,1,1,1,2.4,1,1,1.2,1.2,1,1,1,1,1,1,1,1,1,1,1,0,0,0,0,0,0,4
2105,[Club-only] crystal +5,【クラブ専用】結晶＋5,2.25,1,1,1,2.5,1,1,1.2,1.2,1,1,1,1,1,1,1,1,1,1,1,0,0,0,0,0,0,5
2301,[Club-only] crude +1,【クラブ専用】粗製＋1,1.57,1,1,1,1.8,1,1,1.1,1.1,1,1,1,1,1,1,1,1,1,1,1,0,0,0,0,0,0,1
2304,[Club-only] crude +4,【クラブ専用】粗製＋4,1.78,1,1,1,2.1,1,1,1.1,1.1,1,1,1,1,1,1,1,1,1,1,1,0,0,0,0,0,0,4
2305,[Club-only] crude +5,【クラブ専用】粗製＋5,1.85,1,1,1,2.2,1,1,1.1,1.1,1,1,1,1,1,1,1,1,1,1,1,0,0,0,0,0,0,5
2700,[Club-only] dark,【クラブ専用】暗黒,1.85,1.85,1,1,2,1,1,1.15,1.15,1,1.15,1,1,1,1,1,1,1,1,1,0,0,0,0,0,0,0
2701,[Club-only] dark +1,【クラブ専用】暗黒＋1,1.91,1.9,1,1,2.1,1,1,1.15,1.15,1,1.15,1,1,1,1,1,1,1,1,1,0,0,0,0,0,0,1
2702,[Club-only] dark +2,【クラブ専用】暗黒＋2,1.97,1.95,1,1,2.2,1,1,1.15,1.15,1,1.15,1,1,1,1,1,1,1,1,1,0,0,0,0,0,0,2
2703,[Club-only] dark +3,【クラブ専用】暗黒＋3,2.03,2,1,1,2.3,1,1,1.15,1.15,1,1.15,1,1,1,1,1,1,1,1,1,0,0,0,0,0,0,3
2704,[Club-only] dark +4,【クラブ専用】暗黒＋4,2.09,2.05,1,1,2.4,1,1,1.2,1.2,1,1.2,1,1,1,1,1,1,1,1,1,0,0,0,0,0,0,4
2705,[Club-only] dark +5,【クラブ専用】暗黒＋5,2.15,2.1,1,1,2.5,1,1,1.2,1.2,1,1.2,1,1,1,1,1,1,1,1,1,0,0,0,0,0,0,5
2800,[Club-only] flame,【クラブ専用】炎,1.34,1,1.34,1,1.5,1,1,1,1,1,1,1,1,1,1,1,1,1,1,1,0,0,0,0,0,0,0
2801,[Club-only] flame +1,【クラブ専用】炎＋1,1.41,1,1.41,1,1.6,1,1,1,1,1,1,1,1,1.01,1,1,1,1,1,1,0,0,0,0,0,0,1
2810,[Club-only] flame +10,【クラブ専用】炎＋10,1.95,1,1.95,1,2.5,1,1,1,1,1,1,1,1,1.1,1,1,1,1,1,1,0,0,0,0,0,0,10
2802,[Club-only] flame +2,【クラブ専用】炎＋2,1.48,1,1.48,1,1.7,1,1,1,1,1,1,1,1,1.02,1,1,1,1,1,1,0,0,0,0,0,0,2
2803,[Club-only] flame +3,【クラブ専用】炎＋3,1.55,1,1.55,1,1.8,1,1,1,1,1,1,1,1,1.03,1,1,1,1,1,1,0,0,0,0,0,0,3
2804,[Club-only] flame +4,【クラブ専用】炎＋4,1.62,1,1.62,1,1.9,1,1,1,1,1,1,1,1,1.04,1,1,1,1,1,1,0,0,0,0,0,0,4
2805,[Club-only] flame +5,【クラブ専用】炎＋5,1.71,1,1.71,1,2,1,1,1,1,1,1,1,1,1.05,1,1,1,1,1,1,0,0,0,0,0,0,5
2806,[Club-only] flame +6,【クラブ専用】炎＋6,1.75,1,1.75,1,2.1,1,1,1,1,1,1,1,1,1.06,1,1,1,1,1,1,0,0,0,0,0,0,6
2807,[Club-only] flame +7,【クラブ専用】炎＋7,1.79,1,1.79,1,2.2,1,1,1,1,1,1,1,1,1.07,1,1,1,1,1,1,0,0,0,0,0,0,7
2808,[Club-only] flame +8,【クラブ専用】炎＋8,1.83,1,1.83,1,2.3,1,1,1,1,1,1,1,1,1.08,1,1,1,1,1,1,0,0,0,0,0,0,8
2809,[Club-only] flame +9,【クラブ専用】炎＋9,1.87,1,1.87,1,2.4,1,1,1,1,1,1,1,1,1.09,1,1,1,1,1,1,0,0,0,0,0,0,9
2400,[Club-only] magic A,【クラブ専用】魔法A,1.5,1.5,1,1,1.5,1,1,1.1,1.1,1.1,1,1,1,1,1,1,1,1,1,1,0,0,0,0,0,0,0
2401,[Club-only] magic A + 1,【クラブ専用】魔法A＋1,1.57,1.57,1,1,1.6,1,1,1.1,1.1,1.1,1,1,1,1,1,1,1,1,1,1,0,0,0,0,0,0,1
2410,[Club-only] magic A + 10,【クラブ専用】魔法A＋10,2.1,2.1,1,1,2.5,1,1,1.2,1.2,1.2,1,1,1,1,1,1,1,1,1,1,0,0,0,0,0,0,10
2402,[Club-only] magic A + 2,【クラブ専用】魔法A＋2,1.64,1.64,1,1,1.7,1,1,1.1,1.1,1.1,1,1,1,1,1,1,1,1,1,1,0,0,0,0,0,0,2
2403,[Club-only] magic A + 3,【クラブ専用】魔法A＋3,1.71,1.71,1,1,1.8,1,1,1.1,1.1,1.1,1,1,1,1,1,1,1,1,1,1,0,0,0,0,0,0,3
2404,[Club-only] magic A + 4,【クラブ専用】魔法A＋4,1.78,1.78,1,1,1.9,1,1,1.1,1.1,1.1,1,1,1,1,1,1,1,1,1,1,0,0,0,0,0,0,4
2405,[Club-only] magic A + 5,【クラブ専用】魔法A＋5,1.85,1.85,1,1,2,1,1,1.1,1.1,1.1,1,1,1,1,1,1,1,1,1,1,0,0,0,0,0,0,5
2406,[Club-only] magic A + 6,【クラブ専用】魔法A＋6,1.9,1.9,1,1,2.1,1,1,1.15,1.15,1.15,1,1,1,1,1,1,1,1,1,1,0,0,0,0,0,0,6
2407,[Club-only] magic A + 7,【クラブ専用】魔法A＋7,1.95,1.95,1,1,2.2,1,1,1.15,1.15,1.15,1,1,1,1,1,1,1,1,1,1,0,0,0,0,0,0,7
2408,[Club-only] magic A + 8,【クラブ専用】魔法A＋8,2,2,1,1,2.3,1,1,1.15,1.15,1.15,1,1,1,1,1,1,1,1,1,1,0,0,0,0,0,0,8
2409,[Club-only] magic A + 9,【クラブ専用】魔法A＋9,2.05,2.05,1,1,2.4,1,1,1.2,1.2,1.2,1,1,1,1,1,1,1,1,1,1,0,0,0,0,0,0,9
2500,[Club-only] magic B,【クラブ専用】魔法B,1.8,1.8,1,1,2,1,1,1.15,1.15,1.15,1,1,1,1,1,1,1,1,1,1,0,0,0,0,0,0,0
2501,[Club-only] magic B + 1,【クラブ専用】魔法B＋1,1.74,1.73,1,1,2.1,1,1,1.15,1.15,1.28,1,1,1,1,1,1,1,1,1,1,0,0,0,0,0,0,1
2502,[Club-only] magic B + 2,【クラブ専用】魔法B＋2,1.79,1.78,1,1,2.2,1,1,1.15,1.15,1.41,1,1,1,1,1,1,1,1,1,1,0,0,0,0,0,0,2
2503,[Club-only] magic B + 3,【クラブ専用】魔法B＋3,1.84,1.83,1,1,2.3,1,1,1.15,1.15,1.54,1,1,1,1,1,1,1,1,1,1,0,0,0,0,0,0,3
2504,[Club-only] magic B + 4,【クラブ専用】魔法B＋4,1.89,1.88,1,1,2.4,1,1,1.2,1.2,1.67,1,1,1,1,1,1,1,1,1,1,0,0,0,0,0,0,4
2505,[Club-only] magic B + 5,【クラブ専用】魔法B＋5,1.94,1.93,1,1,2.5,1,1,1.2,1.2,1.8,1,1,1,1,1,1,1,1,1,1,0,0,0,0,0,0,5
2600,[Club-only] sacred,【クラブ専用】神聖,1.5,1.5,1,1,1.5,1,1,1.1,1.1,1,1.1,1,1,1,1,1,1,1,1,1,0,0,0,0,0,0,0
2601,[Club-only] sacred +1,【クラブ専用】神聖＋1,1.57,1.57,1,1,1.6,1,1,1.1,1.1,1,1.1,1,1,1,1,1,1,1,1,1,0,0,0,0,0,0,1
2610,[Club-only] sacred +10,【クラブ専用】神聖＋10,2.1,2.1,1,1,2.5,1,1,1.2,1.2,1,1.2,1,1,1,1,1,1,1,1,1,0,0,0,0,0,0,10
2602,[Club-only] sacred +2,【クラブ専用】神聖＋2,1.64,1.64,1,1,1.7,1,1,1.1,1.1,1,1.1,1,1,1,1,1,1,1,1,1,0,0,0,0,0,0,2
2603,[Club-only] sacred +3,【クラブ専用】神聖＋3,1.71,1.71,1,1,1.8,1,1,1.1,1.1,1,1.1,1,1,1,1,1,1,1,1,1,0,0,0,0,0,0,3
2604,[Club-only] sacred +4,【クラブ専用】神聖＋4,1.78,1.78,1,1,1.9,1,1,1.1,1.1,1,1.1,1,1,1,1,1,1,1,1,1,0,0,0,0,0,0,4
2605,[Club-only] sacred +5,【クラブ専用】神聖＋5,1.85,1.85,1,1,2,1,1,1.1,1.1,1,1.1,1,1,1,1,1,1,1,1,1,0,0,0,0,0,0,5
2606,[Club-only] sacred +6,【クラブ専用】神聖＋6,1.9,1.9,1,1,2.1,1,1,1.15,1.15,1,1.15,1,1,1,1,1,1,1,1,1,0,0,0,0,0,0,6
2607,[Club-only] sacred +7,【クラブ専用】神聖＋7,1.95,1.95,1,1,2.2,1,1,1.15,1.15,1,1.15,1,1,1,1,1,1,1,1,1,0,0,0,0,0,0,7
2608,[Club-only] sacred +8,【クラブ専用】神聖＋8,2,2,1,1,2.3,1,1,1.15,1.15,1,1.15,1,1,1,1,1,1,1,1,1,0,0,0,0,0,0,8
2609,[Club-only] sacred +9,【クラブ専用】神聖＋9,2.05,2.05,1,1,2.4,1,1,1.2,1.2,1,1.2,1,1,1,1,1,1,1,1,1,0,0,0,0,0,0,9
2200,[Club-only] thunder,【クラブ専用】雷,1.71,1,1,1.71,2,1,1,1,1,1,1,1,1,1,1,1,1,1,1,1,0,0,0,0,0,0,0
2201,[Club-only] thunder +1,【クラブ専用】雷＋1,1.77,1,1,1.77,2.1,1,1,1,1,1,1,1,1,1,1.08,1,1,1,1,1,0,0,0,0,0,0,1
2202,[Club-only] thunder +2,【クラブ専用】雷＋2,1.83,1,1,1.83,2.2,1,1,1,1,1,1,1,1,1,1.16,1,1,1,1,1,0,0,0,0,0,0,2
2203,[Club-only] thunder +3,【クラブ専用】雷＋3,1.89,1,1,1.89,2.3,1,1,1,1,1,1,1,1,1,1.24,1,1,1,1,1,0,0,0,0,0,0,3
2204,[Club-only] thunder +4,【クラブ専用】雷＋4,1.95,1,1,1.95,2.4,1,1,1,1,1,1,1,1,1,1.32,1,1,1,1,1,0,0,0,0,0,0,4
2205,[Club-only] thunder +5,【クラブ専用】雷＋5,2.04,1,1,2.04,2.5,1,1,1,1,1,1,1,1,1,1.4,1,1,1,1,1,0,0,0,0,0,0,5
3900,[Composite] chaos,【コンポジット】混沌,1.9,1,2.1,1,2,1,1,1,1,1,1,1,1,1,1,1,1,1,1,1,0,0,0,0,0,0,0
3901,[Composite] chaos +1,【コンポジット】混沌＋1,2.05,1,2.29,1,2.1,1,1,1,1,1,1,1,1,1,1,1,1,1,1,1,0,0,0,0,0,0,1
3902,[Composite] chaos +2,【コンポジット】混沌＋2,2.2,1,2.48,1,2.2,1,1,1,1,1,1,1,1,1,1,1,1,1,1,1,0,0,0,0,0,0,2
3903,[Composite] chaos +3,【コンポジット】混沌＋3,2.35,1,2.67,1,2.3,1,1,1,1,1,1,1,1,1,1,1,1,1,1,1,0,0,0,0,0,0,3
3904,[Composite] chaos +4,【コンポジット】混沌＋4,2.5,1,2.86,1,2.4,1,1,1,1,1,1,1,1,1,1,1,1,1,1,1,0,0,0,0,0,0,4
3905,[Composite] chaos +5,【コンポジット】混沌＋5,2.65,1,3.05,1,2.5,1,1,1,1,1,1,1,1,1,1,1,1,1,1,1,0,0,0,0,0,0,5
3800,[Composite] flame,【コンポジット】炎,1.5,1,1.5,1,1.5,1,1,1,1,1,1,1,1,1,1,1,1,1,1,1,0,0,0,0,0,0,0
3801,[Composite] flame +1,【コンポジット】炎＋1,1.68,1,1.68,1,1.6,1,1,1,1,1,1,1,1,1,1,1,1,1,1,1,0,0,0,0,0,0,1
3810,[Composite] flame +10,【コンポジット】炎＋10,3.3,1,3.3,1,2.5,1,1,1,1,1,1,1,1,1,1,1,1,1,1,1,0,0,0,0,0,0,10
3802,[Composite] flame +2,【コンポジット】炎＋2,1.86,1,1.86,1,1.7,1,1,1,1,1,1,1,1,1,1,1,1,1,1,1,0,0,0,0,0,0,2
3803,[Composite] flame +3,【コンポジット】炎＋3,2.04,1,2.04,1,1.8,1,1,1,1,1,1,1,1,1,1,1,1,1,1,1,0,0,0,0,0,0,3
3804,[Composite] flame +4,【コンポジット】炎＋4,2.22,1,2.22,1,1.9,1,1,1,1,1,1,1,1,1,1,1,1,1,1,1,0,0,0,0,0,0,4
3805,[Composite] flame +5,【コンポジット】炎＋5,2.4,1,2.4,1,2,1,1,1,1,1,1,1,1,1,1,1,1,1,1,1,0,0,0,0,0,0,5
3806,[Composite] flame +6,【コンポジット】炎＋6,2.58,1,2.58,1,2.1,1,1,1,1,1,1,1,1,1,1,1,1,1,1,1,0,0,0,0,0,0,6
3807,[Composite] flame +7,【コンポジット】炎＋7,2.76,1,2.76,1,2.2,1,1,1,1,1,1,1,1,1,1,1,1,1,1,1,0,0,0,0,0,0,7
3808,[Composite] flame +8,【コンポジット】炎＋8,2.94,1,2.94,1,2.3,1,1,1,1,1,1,1,1,1,1,1,1,1,1,1,0,0,0,0,0,0,8
3809,[Composite] flame +9,【コンポジット】炎＋9,3.12,1,3.12,1,2.4,1,1,1,1,1,1,1,1,1,1,1,1,1,1,1,0,0,0,0,0,0,9
3200,[Composite] thunder,【コンポジット】雷,2.4,1,1,2.8,2,1,1,1,1,1,1,1,1,1,1,1,1,1,1,1,0,0,0,0,0,0,0
3201,[Composite] thunder +1,【コンポジット】雷＋1,2.58,1,1,2.98,2.1,1,1,1,1,1,1,1,1,1,1,1,1,1,1,1,0,0,0,0,0,0,1
3202,[Composite] thunder +2,【コンポジット】雷＋2,2.76,1,1,3.16,2.2,1,1,1,1,1,1,1,1,1,1,1,1,1,1,1,0,0,0,0,0,0,2
3203,[Composite] thunder +3,【コンポジット】雷＋3,2.94,1,1,3.34,2.3,1,1,1,1,1,1,1,1,1,1,1,1,1,1,1,0,0,0,0,0,0,3
3204,[Composite] thunder +4,【コンポジット】雷＋4,3.12,1,1,3.52,2.4,1,1,1,1,1,1,1,1,1,1,1,1,1,1,1,0,0,0,0,0,0,4
3205,[Composite] thunder +5,【コンポジット】雷＋5,3.3,1,1,3.7,2.5,1,1,1,1,1,1,1,1,1,1,1,1,1,1,1,0,0,0,0,0,0,5
8100,[Crossbow] crystal,【弩】結晶,5.2,1,1,1,2,1,1,1,1,1,1,1,1,1,1,1,1,1,1,1,0,0,0,0,0,0,0
8101,[Crossbow] crystal +1,【弩】結晶＋1,5.5,1,1,1,2.1,1,1,1,1,1,1,1,1,1,1,1,1,1,1,1,0,0,0,0,0,0,1
8102,[Crossbow] crystal +2,【弩】結晶＋2,5.8,1,1,1,2.2,1,1,1,1,1,1,1,1,1,1,1,1,1,1,1,0,0,0,0,0,0,2
8103,[Crossbow] crystal +3,【弩】結晶＋3,6.1,1,1,1,2.3,1,1,1,1,1,1,1,1,1,1,1,1,1,1,1,0,0,0,0,0,0,3
8104,[Crossbow] crystal +4,【弩】結晶＋4,6.4,1,1,1,2.4,1,1,1,1,1,1,1,1,1,1,1,1,1,1,1,0,0,0,0,0,0,4
8105,[Crossbow] crystal +5,【弩】結晶＋5,6.8,1,1,1,2.5,1,1,1,1,1,1,1,1,1,1,1,1,1,1,1,0,0,0,0,0,0,5
8800,[Crossbow] flame,【弩】炎,1.8,1,1.8,1,1.5,1,1,1,1,1,1,1,1,1,1,1,1,1,1,1,0,0,0,0,0,0,0
8801,[Crossbow] flame +1,【弩】炎＋1,2.03,1,2.03,1,1.6,1,1,1,1,1,1,1,1,1,1,1,1,1,1,1,0,0,0,0,0,0,1
8810,[Crossbow] flame +10,【弩】炎＋10,4.15,1,4.15,1,2.5,1,1,1,1,1,1,1,1,1,1,1,1,1,1,1,0,0,0,0,0,0,10
8802,[Crossbow] flame +2,【弩】炎＋2,2.26,1,2.26,1,1.7,1,1,1,1,1,1,1,1,1,1,1,1,1,1,1,0,0,0,0,0,0,2
8803,[Crossbow] flame +3,【弩】炎＋3,2.49,1,2.49,1,1.8,1,1,1,1,1,1,1,1,1,1,1,1,1,1,1,0,0,0,0,0,0,3
8804,[Crossbow] flame +4,【弩】炎＋4,2.72,1,2.72,1,1.9,1,1,1,1,1,1,1,1,1,1,1,1,1,1,1,0,0,0,0,0,0,4
8805,[Crossbow] flame +5,【弩】炎＋5,2.95,1,2.95,1,2,1,1,1,1,1,1,1,1,1,1,1,1,1,1,1,0,0,0,0,0,0,5
8806,[Crossbow] flame +6,【弩】炎＋6,3.2,1,3.2,1,2.1,1,1,1,1,1,1,1,1,1,1,1,1,1,1,1,0,0,0,0,0,0,6
8807,[Crossbow] flame +7,【弩】炎＋7,3.43,1,3.43,1,2.2,1,1,1,1,1,1,1,1,1,1,1,1,1,1,1,0,0,0,0,0,0,7
8808,[Crossbow] flame +8,【弩】炎＋8,3.66,1,3.66,1,2.3,1,1,1,1,1,1,1,1,1,1,1,1,1,1,1,0,0,0,0,0,0,8
8809,[Crossbow] flame +9,【弩】炎＋9,3.89,1,3.89,1,2.4,1,1,1,1,1,1,1,1,1,1,1,1,1,1,1,0,0,0,0,0,0,9
8400,[Crossbow] magic A,【弩】魔法A,2.5,2.3,1,1,1.5,1,1,1,1,1,1,1,1,1,1,1,1,1,1,1,0,0,0,0,0,0,0
8401,[Crossbow] magic A + 1,【弩】魔法A＋1,2.79,2.58,1,1,1.6,1,1,1,1,1,1,1,1,1,1,1,1,1,1,1,0,0,0,0,0,0,1
8410,[Crossbow] magic A + 10,【弩】魔法A＋10,5.4,5.14,1,1,2.5,1,1,1,1,1,1,1,1,1,1,1,1,1,1,1,0,0,0,0,0,0,10
8402,[Crossbow] magic A + 2,【弩】魔法A＋2,3.08,2.86,1,1,1.7,1,1,1,1,1,1,1,1,1,1,1,1,1,1,1,0,0,0,0,0,0,2
8403,[Crossbow] magic A + 3,【弩】魔法A＋3,3.37,3.14,1,1,1.8,1,1,1,1,1,1,1,1,1,1,1,1,1,1,1,0,0,0,0,0,0,3
8404,[Crossbow] magic A + 4,【弩】魔法A＋4,3.66,3.42,1,1,1.9,1,1,1,1,1,1,1,1,1,1,1,1,1,1,1,0,0,0,0,0,0,4
8405,[Crossbow] magic A + 5,【弩】魔法A＋5,3.95,3.7,1,1,2,1,1,1,1,1,1,1,1,1,1,1,1,1,1,1,0,0,0,0,0,0,5
8406,[Crossbow] magic A + 6,【弩】魔法A＋6,4.24,3.98,1,1,2.1,1,1,1,1,1,1,1,1,1,1,1,1,1,1,1,0,0,0,0,0,0,6
8407,[Crossbow] magic A + 7,【弩】魔法A＋7,4.53,4.26,1,1,2.2,1,1,1,1,1,1,1,1,1,1,1,1,1,1,1,0,0,0,0,0,0,7
8408,[Crossbow] magic A + 8,【弩】魔法A＋8,4.82,4.54,1,1,2.3,1,1,1,1,1,1,1,1,1,1,1,1,1,1,1,0,0,0,0,0,0,8
8409,[Crossbow] magic A + 9,【弩】魔法A＋9,5.11,4.82,1,1,2.4,1,1,1,1,1,1,1,1,1,1,1,1,1,1,1,0,0,0,0,0,0,9
8000,[Crossbow] Normal,【弩】通常,1,1,1,1,1,1,1,1,1,1,1,1,1,1,1,1,1,1,1,1,0,0,0,0,0,0,0
8600,[Crossbow] sacred,【弩】神聖,2.5,2.5,1,1,1.5,1,1,1,1,1,1,1,1,1,1,1,1,1,1,1,0,0,0,0,0,0,0
8601,[Crossbow] sacred +1,【弩】神聖＋1,2.8,2.8,1,1,1.6,1,1,1,1,1,1,1,1,1,1,1,1,1,1,1,0,0,0,0,0,0,1
8610,[Crossbow] sacred +10,【弩】神聖＋10,5.5,5.5,1,1,2.5,1,1,1,1,1,1,1,1,1,1,1,1,1,1,1,0,0,0,0,0,0,10
8602,[Crossbow] sacred +2,【弩】神聖＋2,3.1,3.1,1,1,1.7,1,1,1,1,1,1,1,1,1,1,1,1,1,1,1,0,0,0,0,0,0,2
8603,[Crossbow] sacred +3,【弩】神聖＋3,3.4,3.4,1,1,1.8,1,1,1,1,1,1,1,1,1,1,1,1,1,1,1,0,0,0,0,0,0,3
8604,[Crossbow] sacred +4,【弩】神聖＋4,3.7,3.7,1,1,1.9,1,1,1,1,1,1,1,1,1,1,1,1,1,1,1,0,0,0,0,0,0,4
8605,[Crossbow] sacred +5,【弩】神聖＋5,4,4,1,1,2,1,1,1,1,1,1,1,1,1,1,1,1,1,1,1,0,0,0,0,0,0,5
8606,[Crossbow] sacred +6,【弩】神聖＋6,4.3,4.3,1,1,2.1,1,1,1,1,1,1,1,1,1,1,1,1,1,1,1,0,0,0,0,0,0,6
8607,[Crossbow] sacred +7,【弩】神聖＋7,4.6,4.6,1,1,2.2,1,1,1,1,1,1,1,1,1,1,1,1,1,1,1,0,0,0,0,0,0,7
8608,[Crossbow] sacred +8,【弩】神聖＋8,4.9,4.9,1,1,2.3,1,1,1,1,1,1,1,1,1,1,1,1,1,1,1,0,0,0,0,0,0,8
8609,[Crossbow] sacred +9,【弩】神聖＋9,5.2,5.2,1,1,2.4,1,1,1,1,1,1,1,1,1,1,1,1,1,1,1,0,0,0,0,0,0,9
8200,[Crossbow] thunder,【弩】雷,2.8,1,1,2.6,2,1,1,1,1,1,1,1,1,1,1,1,1,1,1,1,0,0,0,0,0,0,0
8201,[Crossbow] thunder +1,【弩】雷＋1,3,1,1,2.8,2.1,1,1,1,1,1,1,1,1,1,1,1,1,1,1,1,0,0,0,0,0,0,1
8202,[Crossbow] thunder +2,【弩】雷＋2,3.2,1,1,3,2.2,1,1,1,1,1,1,1,1,1,1,1,1,1,1,1,0,0,0,0,0,0,2
8203,[Crossbow] thunder +3,【弩】雷＋3,3.4,1,1,3.2,2.3,1,1,1,1,1,1,1,1,1,1,1,1,1,1,1,0,0,0,0,0,0,3
8204,[Crossbow] thunder +4,【弩】雷＋4,3.6,1,1,3.4,2.4,1,1,1,1,1,1,1,1,1,1,1,1,1,1,1,0,0,0,0,0,0,4
8205,[Crossbow] thunder +5,【弩】雷＋5,3.8,1,1,3.6,2.5,1,1,1,1,1,1,1,1,1,1,1,1,1,1,1,0,0,0,0,0,0,5
8001,[Crossbow] usually +1,【弩】通常＋1,1.7,1,1,1,1.1,1,1,1,1,1,1,1,1,1,1,1,1,1,1,1,0,0,0,0,0,0,1
8010,[Crossbow] usually +10,【弩】通常＋10,4.5,1,1,1,2,1,1,1,1,1,1,1,1,1,1,1,1,1,1,1,0,0,0,0,0,0,10
8011,[Crossbow] usually +11,【弩】通常＋11,4.9,1,1,1,2.1,1,1,1,1,1,1,1,1,1,1,1,1,1,1,1,0,0,0,0,0,0,11
8012,[Crossbow] usually +12,【弩】通常＋12,5.2,1,1,1,2.2,1,1,1,1,1,1,1,1,1,1,1,1,1,1,1,0,0,0,0,0,0,12
8013,[Crossbow] usually +13,【弩】通常＋13,5.5,1,1,1,2.3,1,1,1,1,1,1,1,1,1,1,1,1,1,1,1,0,0,0,0,0,0,13
8014,[Crossbow] usually +14,【弩】通常＋14,5.8,1,1,1,2.4,1,1,1,1,1,1,1,1,1,1,1,1,1,1,1,0,0,0,0,0,0,14
8015,[Crossbow] usually +15,【弩】通常＋15,6.2,1,1,1,2.5,1,1,1,1,1,1,1,1,1,1,1,1,1,1,1,0,0,0,0,0,0,15
8002,[Crossbow] usually +2,【弩】通常＋2,2,1,1,1,1.2,1,1,1,1,1,1,1,1,1,1,1,1,1,1,1,0,0,0,0,0,0,2
8003,[Crossbow] usually +3,【弩】通常＋3,2.3,1,1,1,1.3,1,1,1,1,1,1,1,1,1,1,1,1,1,1,1,0,0,0,0,0,0,3
8004,[Crossbow] usually +4,【弩】通常＋4,2.6,1,1,1,1.4,1,1,1,1,1,1,1,1,1,1,1,1,1,1,1,0,0,0,0,0,0,4
8005,[Crossbow] usually +5,【弩】通常＋5,2.9,1,1,1,1.5,1,1,1,1,1,1,1,1,1,1,1,1,1,1,1,0,0,0,0,0,0,5
8006,[Crossbow] usually +6,【弩】通常＋6,3.3,1,1,1,1.6,1,1,1,1,1,1,1,1,1,1,1,1,1,1,1,0,0,0,0,0,0,6
8007,[Crossbow] usually +7,【弩】通常＋7,3.6,1,1,1,1.7,1,1,1,1,1,1,1,1,1,1,1,1,1,1,1,0,0,0,0,0,0,7
8008,[Crossbow] usually +8,【弩】通常＋8,3.9,1,1,1,1.8,1,1,1,1,1,1,1,1,1,1,1,1,1,1,1,0,0,0,0,0,0,8
8009,[Crossbow] usually +9,【弩】通常＋9,4.2,1,1,1,1.9,1,1,1,1,1,1,1,1,1,1,1,1,1,1,1,0,0,0,0,0,0,9
6100,[Shield _ growth +] crystal,【盾_伸び＋】結晶,1.55,1,1,1,2,1,1,1,1,1,1,1,1,1,1,1,1,1,1,1.25,0,0,0,0,0,0,0
6101,[Shield _ growth +] crystal +1,【盾_伸び＋】結晶＋1,1.62,1,1,1,2.1,1,1,1,1,1,1,1,1,1,1,1,1,1,1,1.26,0,0,0,0,0,0,1
6102,[Shield _ growth +] crystal +2,【盾_伸び＋】結晶＋2,1.69,1,1,1,2.2,1,1,1,1,1,1,1,1,1,1,1,1,1,1,1.27,0,0,0,0,0,0,2
6103,[Shield _ growth +] crystal +3,【盾_伸び＋】結晶＋3,1.76,1,1,1,2.3,1,1,1,1,1,1,1,1,1,1,1,1,1,1,1.28,0,0,0,0,0,0,3
6104,[Shield _ growth +] crystal +4,【盾_伸び＋】結晶＋4,1.83,1,1,1,2.4,1,1,1,1,1,1,1,1,1,1,1,1,1,1,1.29,0,0,0,0,0,0,4
6105,[Shield _ growth +] crystal +5,【盾_伸び＋】結晶＋5,2,1,1,1,2.5,1,1,1,1,1,1,1,1,1,1,1,1,1,1,1.3,0,0,0,0,0,0,5
6800,[Shield _ growth +] flame,【盾_伸び＋】炎,1,1,1,1,1.5,1,1,1,1,1,1,1,1,1,1,1,1,1,1,1,0,0,0,0,0,0,0
7800,[Shield _ growth +] flame,【盾_伸び＋】炎,1,1,1,1,1.5,1,1,1,1,1,1,1,1,1,1,1,1,1,1,1,0,0,0,0,0,0,0
7801,[Shield _ growth +] flame +1,【盾_伸び＋】炎＋1,1.04,1,1.04,1,1.6,1,1,1,1,1,1,1,1,1,1,1,1,1,1,1,0,0,0,0,0,0,1
6801,[Shield _ growth +] flame +1,【盾_伸び＋】炎＋1,1.04,1,1.04,1,1.6,1,1,1,1,1,1,1,1,1.03,1,1,1,1,1,1,0,0,0,0,0,0,1
6810,[Shield _ growth +] flame +10,【盾_伸び＋】炎＋10,1.55,1,1.55,1,2.5,1,1,1,1,1,1,1,1,1.3,1,1,1,1,1,1,0,0,0,0,0,0,10
7810,[Shield _ growth +] flame +10,【盾_伸び＋】炎＋10,1.55,1,1.55,1,2.5,1,1,1,1,1,1,1,1,1,1,1,1,1,1,1,0,0,0,0,0,0,10
6802,[Shield _ growth +] flame +2,【盾_伸び＋】炎＋2,1.08,1,1.08,1,1.7,1,1,1,1,1,1,1,1,1.06,1,1,1,1,1,1,0,0,0,0,0,0,2
7802,[Shield _ growth +] flame +2,【盾_伸び＋】炎＋2,1.08,1,1.08,1,1.7,1,1,1,1,1,1,1,1,1,1,1,1,1,1,1,0,0,0,0,0,0,2
6803,[Shield _ growth +] flame +3,【盾_伸び＋】炎＋3,1.12,1,1.12,1,1.8,1,1,1,1,1,1,1,1,1.09,1,1,1,1,1,1,0,0,0,0,0,0,3
7803,[Shield _ growth +] flame +3,【盾_伸び＋】炎＋3,1.12,1,1.12,1,1.8,1,1,1,1,1,1,1,1,1,1,1,1,1,1,1,0,0,0,0,0,0,3
6804,[Shield _ growth +] flame +4,【盾_伸び＋】炎＋4,1.16,1,1.16,1,1.9,1,1,1,1,1,1,1,1,1.12,1,1,1,1,1,1,0,0,0,0,0,0,4
7804,[Shield _ growth +] flame +4,【盾_伸び＋】炎＋4,1.16,1,1.16,1,1.9,1,1,1,1,1,1,1,1,1,1,1,1,1,1,1,0,0,0,0,0,0,4
6805,[Shield _ growth +] flame +5,【盾_伸び＋】炎＋5,1.2,1,1.2,1,2,1,1,1,1,1,1,1,1,1.15,1,1,1,1,1,1,0,0,0,0,0,0,5
7805,[Shield _ growth +] flame +5,【盾_伸び＋】炎＋5,1.2,1,1.2,1,2,1,1,1,1,1,1,1,1,1,1,1,1,1,1,1,0,0,0,0,0,0,5
6806,[Shield _ growth +] flame +6,【盾_伸び＋】炎＋6,1.27,1,1.27,1,2.1,1,1,1,1,1,1,1,1,1.18,1,1,1,1,1,1,0,0,0,0,0,0,6
7806,[Shield _ growth +] flame +6,【盾_伸び＋】炎＋6,1.27,1,1.27,1,2.1,1,1,1,1,1,1,1,1,1,1,1,1,1,1,1,0,0,0,0,0,0,6
6807,[Shield _ growth +] flame +7,【盾_伸び＋】炎＋7,1.34,1,1.34,1,2.2,1,1,1,1,1,1,1,1,1.21,1,1,1,1,1,1,0,0,0,0,0,0,7
7807,[Shield _ growth +] flame +7,【盾_伸び＋】炎＋7,1.34,1,1.34,1,2.2,1,1,1,1,1,1,1,1,1,1,1,1,1,1,1,0,0,0,0,0,0,7
7808,[Shield _ growth +] flame +8,【盾_伸び＋】炎＋8,1.41,1,1.41,1,2.3,1,1,1,1,1,1,1,1,1,1,1,1,1,1,1,0,0,0,0,0,0,8
6808,[Shield _ growth +] flame +8,【盾_伸び＋】炎＋8,1.41,1,1.41,1,2.3,1,1,1,1,1,1,1,1,1.24,1,1,1,1,1,1,0,0,0,0,0,0,8
6809,[Shield _ growth +] flame +9,【盾_伸び＋】炎＋9,1.48,1,1.48,1,2.4,1,1,1,1,1,1,1,1,1.27,1,1,1,1,1,1,0,0,0,0,0,0,9
7809,[Shield _ growth +] flame +9,【盾_伸び＋】炎＋9,1.48,1,1.48,1,2.4,1,1,1,1,1,1,1,1,1,1,1,1,1,1,1,0,0,0,0,0,0,9
7400,[Shield _ growth +] magic A,【盾_伸び＋】魔法A,1.25,1.25,1,1,1.5,1,1,1,1,1,1,1,1,1,1,1,1,1,1,1,0,0,0,0,0,0,0
6400,[Shield _ growth +] magic A,【盾_伸び＋】魔法A,1.25,1.25,1,1,1.5,1,1,1,1,1,1,1,1,1,1,1,1,1,1,1,0,0,0,0,0,0,0
7401,[Shield _ growth +] magic A + 1,【盾_伸び＋】魔法A＋1,1.31,1.31,1,1,1.6,1,1,1,1,1,1,1,1,1,1,1,1,1,1,1,0,0,0,0,0,0,1
6401,[Shield _ growth +] magic A + 1,【盾_伸び＋】魔法A＋1,1.31,1.31,1,1,1.6,1,1,1,1,1,1,1,1.03,1,1,1,1,1,1,1,0,0,0,0,0,0,1
7410,[Shield _ growth +] magic A + 10,【盾_伸び＋】魔法A＋10,2,2,1,1,2.5,1,1,1,1,1,1,1,1,1,1,1,1,1,1,1,0,0,0,0,0,0,10
6410,[Shield _ growth +] magic A + 10,【盾_伸び＋】魔法A＋10,2,2,1,1,2.5,1,1,1,1,1,1,1,1.3,1,1,1,1,1,1,1,0,0,0,0,0,0,10
6402,[Shield _ growth +] magic A + 2,【盾_伸び＋】魔法A＋2,1.37,1.37,1,1,1.7,1,1,1,1,1,1,1,1.06,1,1,1,1,1,1,1,0,0,0,0,0,0,2
7402,[Shield _ growth +] magic A + 2,【盾_伸び＋】魔法A＋2,1.37,1.37,1,1,1.7,1,1,1,1,1,1,1,1,1,1,1,1,1,1,1,0,0,0,0,0,0,2
7403,[Shield _ growth +] magic A + 3,【盾_伸び＋】魔法A＋3,1.43,1.43,1,1,1.8,1,1,1,1,1,1,1,1,1,1,1,1,1,1,1,0,0,0,0,0,0,3
6403,[Shield _ growth +] magic A + 3,【盾_伸び＋】魔法A＋3,1.43,1.43,1,1,1.8,1,1,1,1,1,1,1,1.09,1,1,1,1,1,1,1,0,0,0,0,0,0,3
7404,[Shield _ growth +] magic A + 4,【盾_伸び＋】魔法A＋4,1.49,1.49,1,1,1.9,1,1,1,1,1,1,1,1,1,1,1,1,1,1,1,0,0,0,0,0,0,4
6404,[Shield _ growth +] magic A + 4,【盾_伸び＋】魔法A＋4,1.49,1.49,1,1,1.9,1,1,1,1,1,1,1,1.12,1,1,1,1,1,1,1,0,0,0,0,0,0,4
6405,[Shield _ growth +] magic A + 5,【盾_伸び＋】魔法A＋5,1.55,1.55,1,1,2,1,1,1,1,1,1,1,1.15,1,1,1,1,1,1,1,0,0,0,0,0,0,5
7405,[Shield _ growth +] magic A + 5,【盾_伸び＋】魔法A＋5,1.55,1.55,1,1,2,1,1,1,1,1,1,1,1,1,1,1,1,1,1,1,0,0,0,0,0,0,5
6406,[Shield _ growth +] magic A + 6,【盾_伸び＋】魔法A＋6,1.62,1.62,1,1,2.1,1,1,1,1,1,1,1,1.18,1,1,1,1,1,1,1,0,0,0,0,0,0,6
7406,[Shield _ growth +] magic A + 6,【盾_伸び＋】魔法A＋6,1.62,1.62,1,1,2.1,1,1,1,1,1,1,1,1,1,1,1,1,1,1,1,0,0,0,0,0,0,6
6407,[Shield _ growth +] magic A + 7,【盾_伸び＋】魔法A＋7,1.69,1.69,1,1,2.2,1,1,1,1,1,1,1,1.21,1,1,1,1,1,1,1,0,0,0,0,0,0,7
7407,[Shield _ growth +] magic A + 7,【盾_伸び＋】魔法A＋7,1.69,1.69,1,1,2.2,1,1,1,1,1,1,1,1,1,1,1,1,1,1,1,0,0,0,0,0,0,7
7408,[Shield _ growth +] magic A + 8,【盾_伸び＋】魔法A＋8,1.76,1.76,1,1,2.3,1,1,1,1,1,1,1,1,1,1,1,1,1,1,1,0,0,0,0,0,0,8
6408,[Shield _ growth +] magic A + 8,【盾_伸び＋】魔法A＋8,1.76,1.76,1,1,2.3,1,1,1,1,1,1,1,1.24,1,1,1,1,1,1,1,0,0,0,0,0,0,8
7409,[Shield _ growth +] magic A + 9,【盾_伸び＋】魔法A＋9,1.83,1.83,1,1,2.4,1,1,1,1,1,1,1,1,1,1,1,1,1,1,1,0,0,0,0,0,0,9
6409,[Shield _ growth +] magic A + 9,【盾_伸び＋】魔法A＋9,1.83,1.83,1,1,2.4,1,1,1,1,1,1,1,1.27,1,1,1,1,1,1,1,0,0,0,0,0,0,9
6000,[Shield _ growth +] Normal,【盾_伸び＋】通常,1,1,1,1,1,1,1,1,1,1,1,1,1,1,1,1,1,1,1,1,0,0,0,0,0,0,0
6600,[Shield _ growth +] sacred,【盾_伸び＋】神聖,1.25,1.25,1,1,1.5,1,1,1,1,1,1,1,1,1,1,1,1,1,1,1,0,0,0,0,0,0,0
6601,[Shield _ growth +] sacred +1,【盾_伸び＋】神聖＋1,1.31,1.31,1,1,1.6,1,1,1,1,1,1,1,1,1,1,1,1,1,1,1,0,0,0,0,0,0,1
6610,[Shield _ growth +] sacred +10,【盾_伸び＋】神聖＋10,2,2,1,1,2.5,1,1,1,1,1,1,1,1,1,1,1,1,1,1,1,0,0,0,0,0,0,10
6602,[Shield _ growth +] sacred +2,【盾_伸び＋】神聖＋2,1.37,1.37,1,1,1.7,1,1,1,1,1,1,1,1,1,1,1,1,1,1,1,0,0,0,0,0,0,2
6603,[Shield _ growth +] sacred +3,【盾_伸び＋】神聖＋3,1.43,1.43,1,1,1.8,1,1,1,1,1,1,1,1,1,1,1,1,1,1,1,0,0,0,0,0,0,3
6604,[Shield _ growth +] sacred +4,【盾_伸び＋】神聖＋4,1.49,1.49,1,1,1.9,1,1,1,1,1,1,1,1,1,1,1,1,1,1,1,0,0,0,0,0,0,4
6605,[Shield _ growth +] sacred +5,【盾_伸び＋】神聖＋5,1.55,1.55,1,1,2,1,1,1,1,1,1,1,1,1,1,1,1,1,1,1,0,0,0,0,0,0,5
6606,[Shield _ growth +] sacred +6,【盾_伸び＋】神聖＋6,1.62,1.62,1,1,2.1,1,1,1,1,1,1,1,1,1,1,1,1,1,1,1,0,0,0,0,0,0,6
6607,[Shield _ growth +] sacred +7,【盾_伸び＋】神聖＋7,1.69,1.69,1,1,2.2,1,1,1,1,1,1,1,1,1,1,1,1,1,1,1,0,0,0,0,0,0,7
6608,[Shield _ growth +] sacred +8,【盾_伸び＋】神聖＋8,1.76,1.76,1,1,2.3,1,1,1,1,1,1,1,1,1,1,1,1,1,1,1,0,0,0,0,0,0,8
6609,[Shield _ growth +] sacred +9,【盾_伸び＋】神聖＋9,1.83,1.83,1,1,2.4,1,1,1,1,1,1,1,1,1,1,1,1,1,1,1,0,0,0,0,0,0,9
7200,[Shield _ growth +] thunder,【盾_伸び＋】雷,1.2,1,1,1.2,2,1,1,1,1,1,1,1,1,1,1,1,1,1,1,1,0,0,0,0,0,0,0
6200,[Shield _ growth +] thunder,【盾_伸び＋】雷,1.2,1,1,1.2,2,1,1,1,1,1,1,1,1,1,1.2,1,1,1,1,1,0,0,0,0,0,0,0
7201,[Shield _ growth +] thunder +1,【盾_伸び＋】雷＋1,1.28,1,1,1.28,2.1,1,1,1,1,1,1,1,1,1,1,1,1,1,1,1,0,0,0,0,0,0,1
6201,[Shield _ growth +] thunder +1,【盾_伸び＋】雷＋1,1.28,1,1,1.28,2.1,1,1,1,1,1,1,1,1,1,1.22,1,1,1,1,1,0,0,0,0,0,0,1
6202,[Shield _ growth +] thunder +2,【盾_伸び＋】雷＋2,1.36,1,1,1.36,2.2,1,1,1,1,1,1,1,1,1,1.24,1,1,1,1,1,0,0,0,0,0,0,2
7202,[Shield _ growth +] thunder +2,【盾_伸び＋】雷＋2,1.36,1,1,1.36,2.2,1,1,1,1,1,1,1,1,1,1,1,1,1,1,1,0,0,0,0,0,0,2
7203,[Shield _ growth +] thunder +3,【盾_伸び＋】雷＋3,1.44,1,1,1.44,2.3,1,1,1,1,1,1,1,1,1,1,1,1,1,1,1,0,0,0,0,0,0,3
6203,[Shield _ growth +] thunder +3,【盾_伸び＋】雷＋3,1.44,1,1,1.44,2.3,1,1,1,1,1,1,1,1,1,1.26,1,1,1,1,1,0,0,0,0,0,0,3
7204,[Shield _ growth +] thunder +4,【盾_伸び＋】雷＋4,1.52,1,1,1.52,2.4,1,1,1,1,1,1,1,1,1,1,1,1,1,1,1,0,0,0,0,0,0,4
6204,[Shield _ growth +] thunder +4,【盾_伸び＋】雷＋4,1.52,1,1,1.52,2.4,1,1,1,1,1,1,1,1,1,1.28,1,1,1,1,1,0,0,0,0,0,0,4
7205,[Shield _ growth +] thunder +5,【盾_伸び＋】雷＋5,1.6,1,1,1.6,2.5,1,1,1,1,1,1,1,1,1,1,1,1,1,1,1,0,0,0,0,0,0,5
6205,[Shield _ growth +] thunder +5,【盾_伸び＋】雷＋5,1.6,1,1,1.6,2.5,1,1,1,1,1,1,1,1,1,1.3,1,1,1,1,1,0,0,0,0,0,0,5
6001,[Shield _ growth +] usually +1,【盾_伸び＋】通常＋1,1.05,1,1,1,1.1,1,1,1,1,1,1,1,1,1,1,1,1,1,1,1.02,0,0,0,0,0,0,1
6010,[Shield _ growth +] usually +10,【盾_伸び＋】通常＋10,1.55,1,1,1,2,1,1,1,1,1,1,1,1,1,1,1,1,1,1,1.2,0,0,0,0,0,0,10
6011,[Shield _ growth +] usually +11,【盾_伸び＋】通常＋11,1.62,1,1,1,2.1,1,1,1,1,1,1,1,1,1,1,1,1,1,1,1.21,0,0,0,0,0,0,11
6012,[Shield _ growth +] usually +12,【盾_伸び＋】通常＋12,1.69,1,1,1,2.2,1,1,1,1,1,1,1,1,1,1,1,1,1,1,1.22,0,0,0,0,0,0,12
6013,[Shield _ growth +] usually +13,【盾_伸び＋】通常＋13,1.76,1,1,1,2.3,1,1,1,1,1,1,1,1,1,1,1,1,1,1,1.23,0,0,0,0,0,0,13
6014,[Shield _ growth +] usually +14,【盾_伸び＋】通常＋14,1.83,1,1,1,2.4,1,1,1,1,1,1,1,1,1,1,1,1,1,1,1.24,0,0,0,0,0,0,14
6015,[Shield _ growth +] usually +15,【盾_伸び＋】通常＋15,2,1,1,1,2.5,1,1,1,1,1,1,1,1,1,1,1,1,1,1,1.25,0,0,0,0,0,0,15
6002,[Shield _ growth +] usually +2,【盾_伸び＋】通常＋2,1.1,1,1,1,1.2,1,1,1,1,1,1,1,1,1,1,1,1,1,1,1.04,0,0,0,0,0,0,2
6003,[Shield _ growth +] usually +3,【盾_伸び＋】通常＋3,1.15,1,1,1,1.3,1,1,1,1,1,1,1,1,1,1,1,1,1,1,1.06,0,0,0,0,0,0,3
6004,[Shield _ growth +] usually +4,【盾_伸び＋】通常＋4,1.2,1,1,1,1.4,1,1,1,1,1,1,1,1,1,1,1,1,1,1,1.08,0,0,0,0,0,0,4
6005,[Shield _ growth +] usually +5,【盾_伸び＋】通常＋5,1.25,1,1,1,1.5,1,1,1,1,1,1,1,1,1,1,1,1,1,1,1.1,0,0,0,0,0,0,5
6006,[Shield _ growth +] usually +6,【盾_伸び＋】通常＋6,1.31,1,1,1,1.6,1,1,1,1,1,1,1,1,1,1,1,1,1,1,1.12,0,0,0,0,0,0,6
6007,[Shield _ growth +] usually +7,【盾_伸び＋】通常＋7,1.37,1,1,1,1.7,1,1,1,1,1,1,1,1,1,1,1,1,1,1,1.14,0,0,0,0,0,0,7
6008,[Shield _ growth +] usually +8,【盾_伸び＋】通常＋8,1.43,1,1,1,1.8,1,1,1,1,1,1,1,1,1,1,1,1,1,1,1.16,0,0,0,0,0,0,8
6009,[Shield _ growth +] usually +9,【盾_伸び＋】通常＋9,1.49,1,1,1,1.9,1,1,1,1,1,1,1,1,1,1,1,1,1,1,1.18,0,0,0,0,0,0,9
5100,[Shield] crystal,【盾】結晶,1.55,1,1,1,2,1,1,1,1,1,1,1,1,1,1,1,1,1,1,1.2,0,0,0,0,0,0,0
5101,[Shield] crystal +1,【盾】結晶＋1,1.62,1,1,1,2.1,1,1,1,1,1,1,1,1,1,1,1,1,1,1,1.21,0,0,0,0,0,0,1
5102,[Shield] crystal +2,【盾】結晶＋2,1.69,1,1,1,2.2,1,1,1,1,1,1,1,1,1,1,1,1,1,1,1.22,0,0,0,0,0,0,2
5103,[Shield] crystal +3,【盾】結晶＋3,1.76,1,1,1,2.3,1,1,1,1,1,1,1,1,1,1,1,1,1,1,1.23,0,0,0,0,0,0,3
5104,[Shield] crystal +4,【盾】結晶＋4,1.83,1,1,1,2.4,1,1,1,1,1,1,1,1,1,1,1,1,1,1,1.24,0,0,0,0,0,0,4
5105,[Shield] crystal +5,【盾】結晶＋5,2,1,1,1,2.5,1,1,1,1,1,1,1,1,1,1,1,1,1,1,1.25,0,0,0,0,0,0,5
5800,[Shield] flame,【盾】炎,1,1,1,1,1.5,1,1,1,1,1,1,1,1,1,1,1,1,1,1,1,0,0,0,0,0,0,0
5801,[Shield] flame +1,【盾】炎＋1,1.04,1,1.04,1,1.6,1,1,1,1,1,1,1,1,1.02,1,1,1,1,1,1,0,0,0,0,0,0,1
5810,[Shield] flame +10,【盾】炎＋10,1.55,1,1.55,1,2.5,1,1,1,1,1,1,1,1,1.2,1,1,1,1,1,1,0,0,0,0,0,0,10
5802,[Shield] flame +2,【盾】炎＋2,1.08,1,1.08,1,1.7,1,1,1,1,1,1,1,1,1.04,1,1,1,1,1,1,0,0,0,0,0,0,2
5803,[Shield] flame +3,【盾】炎＋3,1.12,1,1.12,1,1.8,1,1,1,1,1,1,1,1,1.06,1,1,1,1,1,1,0,0,0,0,0,0,3
5804,[Shield] flame +4,【盾】炎＋4,1.16,1,1.16,1,1.9,1,1,1,1,1,1,1,1,1.08,1,1,1,1,1,1,0,0,0,0,0,0,4
5805,[Shield] flame +5,【盾】炎＋5,1.2,1,1.2,1,2,1,1,1,1,1,1,1,1,1.1,1,1,1,1,1,1,0,0,0,0,0,0,5
5806,[Shield] flame +6,【盾】炎＋6,1.27,1,1.27,1,2.1,1,1,1,1,1,1,1,1,1.12,1,1,1,1,1,1,0,0,0,0,0,0,6
5807,[Shield] flame +7,【盾】炎＋7,1.34,1,1.34,1,2.2,1,1,1,1,1,1,1,1,1.14,1,1,1,1,1,1,0,0,0,0,0,0,7
5808,[Shield] flame +8,【盾】炎＋8,1.41,1,1.41,1,2.3,1,1,1,1,1,1,1,1,1.16,1,1,1,1,1,1,0,0,0,0,0,0,8
5809,[Shield] flame +9,【盾】炎＋9,1.48,1,1.48,1,2.4,1,1,1,1,1,1,1,1,1.18,1,1,1,1,1,1,0,0,0,0,0,0,9
5400,[Shield] magic A,【盾】魔法A,1.25,1.25,1,1,1.5,1,1,1,1,1,1,1,1,1,1,1,1,1,1,1,0,0,0,0,0,0,0
5401,[Shield] magic A + 1,【盾】魔法A＋1,1.31,1.31,1,1,1.6,1,1,1,1,1,1,1,1.02,1,1,1,1,1,1,1,0,0,0,0,0,0,1
5410,[Shield] magic A + 10,【盾】魔法A＋10,2,2,1,1,2.5,1,1,1,1,1,1,1,1.2,1,1,1,1,1,1,1,0,0,0,0,0,0,10
5402,[Shield] magic A + 2,【盾】魔法A＋2,1.37,1.37,1,1,1.7,1,1,1,1,1,1,1,1.04,1,1,1,1,1,1,1,0,0,0,0,0,0,2
5403,[Shield] magic A + 3,【盾】魔法A＋3,1.43,1.43,1,1,1.8,1,1,1,1,1,1,1,1.06,1,1,1,1,1,1,1,0,0,0,0,0,0,3
5404,[Shield] magic A + 4,【盾】魔法A＋4,1.49,1.49,1,1,1.9,1,1,1,1,1,1,1,1.08,1,1,1,1,1,1,1,0,0,0,0,0,0,4
5405,[Shield] magic A + 5,【盾】魔法A＋5,1.55,1.55,1,1,2,1,1,1,1,1,1,1,1.1,1,1,1,1,1,1,1,0,0,0,0,0,0,5
5406,[Shield] magic A + 6,【盾】魔法A＋6,1.62,1.62,1,1,2.1,1,1,1,1,1,1,1,1.12,1,1,1,1,1,1,1,0,0,0,0,0,0,6
5407,[Shield] magic A + 7,【盾】魔法A＋7,1.69,1.69,1,1,2.2,1,1,1,1,1,1,1,1.14,1,1,1,1,1,1,1,0,0,0,0,0,0,7
5408,[Shield] magic A + 8,【盾】魔法A＋8,1.76,1.76,1,1,2.3,1,1,1,1,1,1,1,1.16,1,1,1,1,1,1,1,0,0,0,0,0,0,8
5409,[Shield] magic A + 9,【盾】魔法A＋9,1.83,1.83,1,1,2.4,1,1,1,1,1,1,1,1.18,1,1,1,1,1,1,1,0,0,0,0,0,0,9
5000,[Shield] Normal,【盾】通常,1,1,1,1,1,1,1,1,1,1,1,1,1,1,1,1,1,1,1,1,0,0,0,0,0,0,0
5600,[Shield] sacred,【盾】神聖,1.25,1.25,1,1,1.5,1,1,1,1,1,1,1,1,1,1,1,1,1,1,1,0,0,0,0,0,0,0
5601,[Shield] sacred +1,【盾】神聖＋1,1.31,1.31,1,1,1.6,1,1,1,1,1,1,1,1,1,1,1,1,1,1,1,0,0,0,0,0,0,1
5610,[Shield] sacred +10,【盾】神聖＋10,2,2,1,1,2.5,1,1,1,1,1,1,1,1,1,1,1,1,1,1,1,0,0,0,0,0,0,10
5602,[Shield] sacred +2,【盾】神聖＋2,1.37,1.37,1,1,1.7,1,1,1,1,1,1,1,1,1,1,1,1,1,1,1,0,0,0,0,0,0,2
5603,[Shield] sacred +3,【盾】神聖＋3,1.43,1.43,1,1,1.8,1,1,1,1,1,1,1,1,1,1,1,1,1,1,1,0,0,0,0,0,0,3
5604,[Shield] sacred +4,【盾】神聖＋4,1.49,1.49,1,1,1.9,1,1,1,1,1,1,1,1,1,1,1,1,1,1,1,0,0,0,0,0,0,4
5605,[Shield] sacred +5,【盾】神聖＋5,1.55,1.55,1,1,2,1,1,1,1,1,1,1,1,1,1,1,1,1,1,1,0,0,0,0,0,0,5
5606,[Shield] sacred +6,【盾】神聖＋6,1.62,1.62,1,1,2.1,1,1,1,1,1,1,1,1,1,1,1,1,1,1,1,0,0,0,0,0,0,6
5607,[Shield] sacred +7,【盾】神聖＋7,1.69,1.69,1,1,2.2,1,1,1,1,1,1,1,1,1,1,1,1,1,1,1,0,0,0,0,0,0,7
5608,[Shield] sacred +8,【盾】神聖＋8,1.76,1.76,1,1,2.3,1,1,1,1,1,1,1,1,1,1,1,1,1,1,1,0,0,0,0,0,0,8
5609,[Shield] sacred +9,【盾】神聖＋9,1.83,1.83,1,1,2.4,1,1,1,1,1,1,1,1,1,1,1,1,1,1,1,0,0,0,0,0,0,9
1400,[Shield] special,【盾】特別,1,1,1,1,2,1,1,1,1,1,1,1,1,1,1,1,1,1,1,1,0,0,0,0,0,0,0
1300,[Shield] special,【盾】特別,1,1,1,1,2,1,1,1,1,1,1,1,1,1,1,1,1,1,1,1,0,0,0,0,0,0,0
1500,[Shield] special,【盾】特別,1,1,1,1,2,1,1,1,1,1,1,1,1,1,1,1,1,1,1,1,0,0,0,0,0,0,0
1501,[Shield] special +1,【盾】特別＋1,1.05,1.05,1.05,1.05,2.1,1,1,1,1,1,1,1,1,1,1,1,1,1,1,1,0,0,0,0,0,0,1
1301,[Shield] special +1,【盾】特別＋1,1.05,1.05,1.05,1.05,2.1,1,1,1,1,1,1,1,1,1,1,1,1,1,1,1.05,0,0,0,0,0,0,1
1401,[Shield] special +1,【盾】特別＋1,1.05,1.05,1.05,1.05,2.1,1,1,1,1,1,1,1,1,1,1,1,1,1,1,1.04,0,0,0,0,0,0,1
1302,[Shield] special +2,【盾】特別＋2,1.1,1.1,1.1,1.1,2.2,1,1,1,1,1,1,1,1,1,1,1,1,1,1,1.1,0,0,0,0,0,0,2
1402,[Shield] special +2,【盾】特別＋2,1.1,1.1,1.1,1.1,2.2,1,1,1,1,1,1,1,1,1,1,1,1,1,1,1.08,0,0,0,0,0,0,2
1502,[Shield] special +2,【盾】特別＋2,1.1,1.1,1.1,1.1,2.2,1,1,1,1,1,1,1,1,1,1,1,1,1,1,1,0,0,0,0,0,0,2
1403,[Shield] special +3,【盾】特別＋3,1.15,1.15,1.15,1.15,2.3,1,1,1,1,1,1,1,1,1,1,1,1,1,1,1.12,0,0,0,0,0,0,3
1503,[Shield] special +3,【盾】特別＋3,1.15,1.15,1.15,1.15,2.3,1,1,1,1,1,1,1,1,1,1,1,1,1,1,1,0,0,0,0,0,0,3
1303,[Shield] special +3,【盾】特別＋3,1.15,1.15,1.15,1.15,2.3,1,1,1,1,1,1,1,1,1,1,1,1,1,1,1.15,0,0,0,0,0,0,3
1404,[Shield] special +4,【盾】特別＋4,1.2,1.2,1.2,1.2,2.4,1,1,1,1,1,1,1,1,1,1,1,1,1,1,1.16,0,0,0,0,0,0,4
1504,[Shield] special +4,【盾】特別＋4,1.2,1.2,1.2,1.2,2.4,1,1,1,1,1,1,1,1,1,1,1,1,1,1,1,0,0,0,0,0,0,4
1304,[Shield] special +4,【盾】特別＋4,1.2,1.2,1.2,1.2,2.4,1,1,1,1,1,1,1,1,1,1,1,1,1,1,1.2,0,0,0,0,0,0,4
1305,[Shield] special +5,【盾】特別＋5,1.25,1.25,1.25,1.25,2.5,1,1,1,1,1,1,1,1,1,1,1,1,1,1,1.3,0,0,0,0,0,0,5
1505,[Shield] special +5,【盾】特別＋5,1.25,1.25,1.25,1.25,2.5,1,1,1,1,1,1,1,1,1,1,1,1,1,1,1,0,0,0,0,0,0,5
1405,[Shield] special +5,【盾】特別＋5,1.25,1.25,1.25,1.25,2.5,1,1,1,1,1,1,1,1,1,1,1,1,1,1,1.2,0,0,0,0,0,0,5
5200,[Shield] thunder,【盾】雷,1.2,1,1,1.2,2,1,1,1,1,1,1,1,1,1,1.12,1,1,1,1,1,0,0,0,0,0,0,0
5201,[Shield] thunder +1,【盾】雷＋1,1.28,1,1,1.28,2.1,1,1,1,1,1,1,1,1,1,1.14,1,1,1,1,1,0,0,0,0,0,0,1
5202,[Shield] thunder +2,【盾】雷＋2,1.36,1,1,1.36,2.2,1,1,1,1,1,1,1,1,1,1.15,1,1,1,1,1,0,0,0,0,0,0,2
5203,[Shield] thunder +3,【盾】雷＋3,1.44,1,1,1.44,2.3,1,1,1,1,1,1,1,1,1,1.16,1,1,1,1,1,0,0,0,0,0,0,3
5204,[Shield] thunder +4,【盾】雷＋4,1.52,1,1,1.52,2.4,1,1,1,1,1,1,1,1,1,1.18,1,1,1,1,1,0,0,0,0,0,0,4
5205,[Shield] thunder +5,【盾】雷＋5,1.6,1,1,1.6,2.5,1,1,1,1,1,1,1,1,1,1.2,1,1,1,1,1,0,0,0,0,0,0,5
5001,[Shield] usually +1,【盾】通常＋1,1.05,1,1,1,1.1,1,1,1,1,1,1,1,1,1,1,1,1,1,1,1.01,0,0,0,0,0,0,1
5010,[Shield] usually +10,【盾】通常＋10,1.55,1,1,1,2,1,1,1,1,1,1,1,1,1,1,1,1,1,1,1.12,0,0,0,0,0,0,10
5011,[Shield] usually +11,【盾】通常＋11,1.62,1,1,1,2.1,1,1,1,1,1,1,1,1,1,1,1,1,1,1,1.14,0,0,0,0,0,0,11
5012,[Shield] usually +12,【盾】通常＋12,1.69,1,1,1,2.2,1,1,1,1,1,1,1,1,1,1,1,1,1,1,1.15,0,0,0,0,0,0,12
5013,[Shield] usually +13,【盾】通常＋13,1.76,1,1,1,2.3,1,1,1,1,1,1,1,1,1,1,1,1,1,1,1.16,0,0,0,0,0,0,13
5014,[Shield] usually +14,【盾】通常＋14,1.83,1,1,1,2.4,1,1,1,1,1,1,1,1,1,1,1,1,1,1,1.18,0,0,0,0,0,0,14
5015,[Shield] usually +15,【盾】通常＋15,2,1,1,1,2.5,1,1,1,1,1,1,1,1,1,1,1,1,1,1,1.2,0,0,0,0,0,0,15
5002,[Shield] usually +2,【盾】通常＋2,1.1,1,1,1,1.2,1,1,1,1,1,1,1,1,1,1,1,1,1,1,1.02,0,0,0,0,0,0,2
5003,[Shield] usually +3,【盾】通常＋3,1.15,1,1,1,1.3,1,1,1,1,1,1,1,1,1,1,1,1,1,1,1.03,0,0,0,0,0,0,3
5004,[Shield] usually +4,【盾】通常＋4,1.2,1,1,1,1.4,1,1,1,1,1,1,1,1,1,1,1,1,1,1,1.04,0,0,0,0,0,0,4
5005,[Shield] usually +5,【盾】通常＋5,1.25,1,1,1,1.5,1,1,1,1,1,1,1,1,1,1,1,1,1,1,1.05,0,0,0,0,0,0,5
5006,[Shield] usually +6,【盾】通常＋6,1.31,1,1,1,1.6,1,1,1,1,1,1,1,1,1,1,1,1,1,1,1.08,0,0,0,0,0,0,6
5007,[Shield] usually +7,【盾】通常＋7,1.37,1,1,1,1.7,1,1,1,1,1,1,1,1,1,1,1,1,1,1,1.09,0,0,0,0,0,0,7
5008,[Shield] usually +8,【盾】通常＋8,1.43,1,1,1,1.8,1,1,1,1,1,1,1,1,1,1,1,1,1,1,1.1,0,0,0,0,0,0,8
5009,[Shield] usually +9,【盾】通常＋9,1.49,1,1,1,1.9,1,1,1,1,1,1,1,1,1,1,1,1,1,1,1.11,0,0,0,0,0,0,9
400,A magic,魔法A,1.5,1.5,1,1,1.5,1,1,1.1,1.1,1.1,1,1,1,1,1,1,1,1,1,1,0,0,0,0,0,0,0
901,Chaos of flame +1,混沌の炎＋1,1.9,1,1.9,1,2.1,1,1,1,1,1,1,1,1,1.02,1,1,1,1,1,1,0,0,0,0,0,0,1
902,Chaos of flame +2,混沌の炎＋2,2,1,2,1,2.2,1,1,1,1,1,1,1,1,1.04,1,1,1,1,1,1,0,0,0,0,0,0,2
903,Chaos of flame +3,混沌の炎＋3,2.1,1,2.1,1,2.3,1,1,1,1,1,1,1,1,1.06,1,1,1,1,1,1,0,0,0,0,0,0,3
904,Chaos of flame +4,混沌の炎＋4,2.2,1,2.2,1,2.4,1,1,1,1,1,1,1,1,1.08,1,1,1,1,1,1,0,0,0,0,0,0,4
905,Chaos of flame +5,混沌の炎＋5,2.3,1,2.3,1,2.5,1,1,1,1,1,1,1,1,1.1,1,1,1,1,1,1,0,0,0,0,0,0,5
100,Crystal,結晶,2.2,1,1,1,2,1,1,1.15,1.15,1,1,1,1,1,1,1,1,1,1,1,0,0,0,0,0,0,0
101,Crystal +1,結晶＋1,2.3,1,1,1,2.1,1,1,1.15,1.15,1,1,1,1,1,1,1,1,1,1,1,0,0,0,0,0,0,1
102,Crystal +2,結晶＋2,2.4,1,1,1,2.2,1,1,1.15,1.15,1,1,1,1,1,1,1,1,1,1,1,0,0,0,0,0,0,2
103,Crystal +3,結晶＋3,2.5,1,1,1,2.3,1,1,1.15,1.15,1,1,1,1,1,1,1,1,1,1,1,0,0,0,0,0,0,3
104,Crystal +4,結晶＋4,2.6,1,1,1,2.4,1,1,1.2,1.2,1,1,1,1,1,1,1,1,1,1,1,0,0,0,0,0,0,4
105,Crystal +5,結晶＋5,2.7,1,1,1,2.5,1,1,1.2,1.2,1,1,1,1,1,1,1,1,1,1,1,0,0,0,0,0,0,5
300,Crude,粗製,1.5,1,1,1,1.7,1,1,1.1,1.1,1,1,1,1,1,1,1,1,1,1,1,0,0,0,0,0,0,0
301,Crude +1,粗製＋1,1.6,1,1,1,1.8,1,1,1.1,1.1,1,1,1,1,1,1,1,1,1,1,1,0,0,0,0,0,0,1
302,Crude +2,粗製＋2,1.7,1,1,1,1.9,1,1,1.1,1.1,1,1,1,1,1,1,1,1,1,1,1,0,0,0,0,0,0,2
303,Crude +3,粗製＋3,1.8,1,1,1,2,1,1,1.1,1.1,1,1,1,1,1,1,1,1,1,1,1,0,0,0,0,0,0,3
304,Crude +4,粗製＋4,1.9,1,1,1,2.1,1,1,1.1,1.1,1,1,1,1,1,1,1,1,1,1,1,0,0,0,0,0,0,4
305,Crude +5,粗製＋5,2,1,1,1,2.2,1,1,1.1,1.1,1,1,1,1,1,1,1,1,1,1,1,0,0,0,0,0,0,5
1000,Daemon,デーモン,1,1,1,1,2,1,1,1,1,1,1,1,1,1,1,1,1,1,1,1,0,0,0,0,0,0,0
1001,Daemon +1,デーモン＋1,1.1,1.1,1.1,1.1,2.1,1,1,1,1,1,1,1,1,1,1,1,1,1,1,1,0,0,0,0,0,0,1
1002,Daemon +2,デーモン＋2,1.2,1.2,1.2,1.2,2.2,1,1,1,1,1,1,1,1,1,1,1,1,1,1,1,0,0,0,0,0,0,2
1003,Daemon +3,デーモン＋3,1.3,1.3,1.3,1.3,2.3,1,1,1,1,1,1,1,1,1,1,1,1,1,1,1,0,0,0,0,0,0,3
1004,Daemon +4,デーモン＋4,1.4,1.4,1.4,1.4,2.4,1,1,1,1,1,1,1,1,1,1,1,1,1,1,1,0,0,0,0,0,0,4
1005,Daemon +5,デーモン＋5,1.5,1.5,1.5,1.5,2.5,1,1,1,1,1,1,1,1,1,1,1,1,1,1,1,0,0,0,0,0,0,5
700,Dark,暗黒,2,2,1,1,2,1,1,1.15,1.15,1,1.15,1,1,1,1,1,1,1,1,1,0,0,0,0,0,0,0
701,Dark +1,暗黒＋1,2.12,2.1,1,1,2.1,1,1,1.15,1.15,1,1.15,1,1,1,1,1,1,1,1,1,0,0,0,0,0,0,1
702,Dark +2,暗黒＋2,2.24,2.2,1,1,2.2,1,1,1.15,1.15,1,1.15,1,1,1,1,1,1,1,1,1,0,0,0,0,0,0,2
703,Dark +3,暗黒＋3,2.36,2.3,1,1,2.3,1,1,1.15,1.15,1,1.15,1,1,1,1,1,1,1,1,1,0,0,0,0,0,0,3
704,Dark +4,暗黒＋4,2.48,2.4,1,1,2.4,1,1,1.2,1.2,1,1.2,1,1,1,1,1,1,1,1,1,0,0,0,0,0,0,4
705,Dark +5,暗黒＋5,2.6,2.5,1,1,2.5,1,1,1.2,1.2,1,1.2,1,1,1,1,1,1,1,1,1,0,0,0,0,0,0,5
1100,Dragon,ドラゴン,1,1,1,1,2,1,1,1,1,1,1,1,1,1,1,1,1,1,1,1,0,0,0,0,0,0,0
1101,Dragon +1,ドラゴン＋1,1.1,1.1,1.1,1.1,2.1,1,1,1.05,1.05,1.05,1.05,1,1,1,1,1,1,1,1,1,0,0,0,0,0,0,1
1102,Dragon +2,ドラゴン＋2,1.2,1.2,1.2,1.2,2.2,1,1,1.1,1.1,1.1,1.1,1,1,1,1,1,1,1,1,1,0,0,0,0,0,0,2
1103,Dragon +3,ドラゴン＋3,1.3,1.3,1.3,1.3,2.3,1,1,1.1,1.1,1.1,1.1,1,1,1,1,1,1,1,1,1,0,0,0,0,0,0,3
1104,Dragon +4,ドラゴン＋4,1.4,1.4,1.4,1.4,2.4,1,1,1.15,1.15,1.15,1.15,1,1,1,1,1,1,1,1,1,0,0,0,0,0,0,4
1105,Dragon +5,ドラゴン＋5,1.5,1.5,1.5,1.5,2.5,1,1,1.2,1.2,1.2,1.2,1,1,1,1,1,1,1,1,1,0,0,0,0,0,0,5
800,Flame,炎,1.3,1,1.3,1,1.5,1,1,1,1,1,1,1,1,1,1,1,1,1,1,1,0,0,0,0,0,0,0
801,Flame +1,炎＋1,1.4,1,1.4,1,1.6,1,1,1,1,1,1,1,1,1.01,1,1,1,1,1,1,0,0,0,0,0,0,1
810,Flame +10,炎＋10,2.4,1,2.4,1,2.5,1,1,1,1,1,1,1,1,1.1,1,1,1,1,1,1,0,0,0,0,0,0,10
802,Flame +2,炎＋2,1.5,1,1.5,1,1.7,1,1,1,1,1,1,1,1,1.02,1,1,1,1,1,1,0,0,0,0,0,0,2
803,Flame +3,炎＋3,1.6,1,1.6,1,1.8,1,1,1,1,1,1,1,1,1.03,1,1,1,1,1,1,0,0,0,0,0,0,3
804,Flame +4,炎＋4,1.7,1,1.7,1,1.9,1,1,1,1,1,1,1,1,1.04,1,1,1,1,1,1,0,0,0,0,0,0,4
805,Flame +5,炎＋5,1.8,1,1.8,1,2,1,1,1,1,1,1,1,1,1.05,1,1,1,1,1,1,0,0,0,0,0,0,5
806,Flame +6,炎＋6,1.92,1,1.92,1,2.1,1,1,1,1,1,1,1,1,1.06,1,1,1,1,1,1,0,0,0,0,0,0,6
807,Flame +7,炎＋7,2.04,1,2.04,1,2.2,1,1,1,1,1,1,1,1,1.07,1,1,1,1,1,1,0,0,0,0,0,0,7
808,Flame +8,炎＋8,2.16,1,2.16,1,2.3,1,1,1,1,1,1,1,1,1.08,1,1,1,1,1,1,0,0,0,0,0,0,8
809,Flame +9,炎＋9,2.28,1,2.28,1,2.4,1,1,1,1,1,1,1,1,1.09,1,1,1,1,1,1,0,0,0,0,0,0,9
900,Flame of chaos,混沌の炎,1.8,1,1.8,1,2,1,1,1,1,1,1,1,1,1,1,1,1,1,1,1,0,0,0,0,0,0,0
401,Magic A + 1,魔法A＋1,1.6,1.6,1,1,1.6,1,1,1.1,1.1,1.1,1,1,1,1,1,1,1,1,1,1,0,0,0,0,0,0,1
410,Magic A + 10,魔法A＋10,2.5,2.5,1,1,2.5,1,1,1.2,1.2,1.2,1,1,1,1,1,1,1,1,1,1,0,0,0,0,0,0,10
402,Magic A + 2,魔法A＋2,1.7,1.7,1,1,1.7,1,1,1.1,1.1,1.1,1,1,1,1,1,1,1,1,1,1,0,0,0,0,0,0,2
403,Magic A + 3,魔法A＋3,1.8,1.8,1,1,1.8,1,1,1.1,1.1,1.1,1,1,1,1,1,1,1,1,1,1,0,0,0,0,0,0,3
404,Magic A + 4,魔法A＋4,1.9,1.9,1,1,1.9,1,1,1.1,1.1,1.1,1,1,1,1,1,1,1,1,1,1,0,0,0,0,0,0,4
405,Magic A + 5,魔法A＋5,2,2,1,1,2,1,1,1.1,1.1,1.1,1,1,1,1,1,1,1,1,1,1,0,0,0,0,0,0,5
406,Magic A + 6,魔法A＋6,2.1,2.1,1,1,2.1,1,1,1.15,1.15,1.15,1,1,1,1,1,1,1,1,1,1,0,0,0,0,0,0,6
407,Magic A + 7,魔法A＋7,2.2,2.2,1,1,2.2,1,1,1.15,1.15,1.15,1,1,1,1,1,1,1,1,1,1,0,0,0,0,0,0,7
408,Magic A + 8,魔法A＋8,2.3,2.3,1,1,2.3,1,1,1.15,1.15,1.15,1,1,1,1,1,1,1,1,1,1,0,0,0,0,0,0,8
409,Magic A + 9,魔法A＋9,2.4,2.4,1,1,2.4,1,1,1.2,1.2,1.2,1,1,1,1,1,1,1,1,1,1,0,0,0,0,0,0,9
500,Magic B,魔法B,2,2,1,1,2,1,1,1.15,1.15,1.15,1,1,1,1,1,1,1,1,1,1,0,0,0,0,0,0,0
501,Magic B + 1,魔法B＋1,2.08,2.06,1,1,2.1,1,1,1.15,1.15,1.28,1,1,1,1,1,1,1,1,1,1,0,0,0,0,0,0,1
502,Magic B + 2,魔法B＋2,2.16,2.12,1,1,2.2,1,1,1.15,1.15,1.41,1,1,1,1,1,1,1,1,1,1,0,0,0,0,0,0,2
503,Magic B + 3,魔法B＋3,2.24,2.18,1,1,2.3,1,1,1.15,1.15,1.54,1,1,1,1,1,1,1,1,1,1,0,0,0,0,0,0,3
504,Magic B + 4,魔法B＋4,2.32,2.24,1,1,2.4,1,1,1.2,1.2,1.67,1,1,1,1,1,1,1,1,1,1,0,0,0,0,0,0,4
505,Magic B + 5,魔法B＋5,2.4,2.32,1,1,2.5,1,1,1.2,1.2,1.8,1,1,1,1,1,1,1,1,1,1,0,0,0,0,0,0,5
0,Normal,通常,1,1,1,1,1,1,1,1,1,1,1,1,1,1,1,1,1,1,1,1,0,0,0,0,0,0,0
1,Normal +1,通常＋1,1.1,1,1,1,1.1,1,1,1.05,1.05,1,1,1,1,1,1,1,1,1,1,1,0,0,0,0,0,0,1
10,Normal +10,通常＋10,2,1,1,1,2,1,1,1.1,1.1,1,1,1,1,1,1,1,1,1,1,1,0,0,0,0,0,0,10
11,Normal +11,通常＋11,2.1,1,1,1,2.1,1,1,1.15,1.15,1,1,1,1,1,1,1,1,1,1,1,0,0,0,0,0,0,11
12,Normal +12,通常＋12,2.2,1,1,1,2.2,1,1,1.15,1.15,1,1,1,1,1,1,1,1,1,1,1,0,0,0,0,0,0,12
13,Normal +13,通常＋13,2.3,1,1,1,2.3,1,1,1.15,1.15,1,1,1,1,1,1,1,1,1,1,1,0,0,0,0,0,0,13
14,Normal +14,通常＋14,2.4,1,1,1,2.4,1,1,1.2,1.2,1,1,1,1,1,1,1,1,1,1,1,0,0,0,0,0,0,14
15,Normal +15,通常＋15,2.5,1,1,1,2.5,1,1,1.2,1.2,1,1,1,1,1,1,1,1,1,1,1,0,0,0,0,0,0,15
2,Normal +2,通常＋2,1.2,1,1,1,1.2,1,1,1.05,1.05,1,1,1,1,1,1,1,1,1,1,1,0,0,0,0,0,0,2
3,Normal +3,通常＋3,1.3,1,1,1,1.3,1,1,1.05,1.05,1,1,1,1,1,1,1,1,1,1,1,0,0,0,0,0,0,3
4,Normal +4,通常＋4,1.4,1,1,1,1.4,1,1,1.05,1.05,1,1,1,1,1,1,1,1,1,1,1,0,0,0,0,0,0,4
5,Normal +5,通常＋5,1.5,1,1,1,1.5,1,1,1.05,1.05,1,1,1,1,1,1,1,1,1,1,1,0,0,0,0,0,0,5
6,Normal +6,通常＋6,1.6,1,1,1,1.6,1,1,1.1,1.1,1,1,1,1,1,1,1,1,1,1,1,0,0,0,0,0,0,6
7,Normal +7,通常＋7,1.7,1,1,1,1.7,1,1,1.1,1.1,1,1,1,1,1,1,1,1,1,1,1,0,0,0,0,0,0,7
8,Normal +8,通常＋8,1.8,1,1,1,1.8,1,1,1.1,1.1,1,1,1,1,1,1,1,1,1,1,1,0,0,0,0,0,0,8
9,Normal +9,通常＋9,1.9,1,1,1,1.9,1,1,1.1,1.1,1,1,1,1,1,1,1,1,1,1,1,0,0,0,0,0,0,9
600,Sacred,神聖,1.5,1.5,1,1,1.5,1,1,1.1,1.1,1,1.1,1,1,1,1,1,1,1,1,1,0,0,0,0,0,0,0
601,Sacred +1,神聖＋1,1.6,1.6,1,1,1.6,1,1,1.1,1.1,1,1.1,1,1,1,1,1,1,1,1,1,0,0,0,0,0,0,1
610,Sacred +10,神聖＋10,2.5,2.5,1,1,2.5,1,1,1.2,1.2,1,1.2,1,1,1,1,1,1,1,1,1,0,0,0,0,0,0,10
602,Sacred +2,神聖＋2,1.7,1.7,1,1,1.7,1,1,1.1,1.1,1,1.1,1,1,1,1,1,1,1,1,1,0,0,0,0,0,0,2
603,Sacred +3,神聖＋3,1.8,1.8,1,1,1.8,1,1,1.1,1.1,1,1.1,1,1,1,1,1,1,1,1,1,0,0,0,0,0,0,3
604,Sacred +4,神聖＋4,1.9,1.9,1,1,1.9,1,1,1.1,1.1,1,1.1,1,1,1,1,1,1,1,1,1,0,0,0,0,0,0,4
605,Sacred +5,神聖＋5,2,2,1,1,2,1,1,1.1,1.1,1,1.1,1,1,1,1,1,1,1,1,1,0,0,0,0,0,0,5
606,Sacred +6,神聖＋6,2.1,2.1,1,1,2.1,1,1,1.15,1.15,1,1.15,1,1,1,1,1,1,1,1,1,0,0,0,0,0,0,6
607,Sacred +7,神聖＋7,2.2,2.2,1,1,2.2,1,1,1.15,1.15,1,1.15,1,1,1,1,1,1,1,1,1,0,0,0,0,0,0,7
608,Sacred +8,神聖＋8,2.3,2.3,1,1,2.3,1,1,1.15,1.15,1,1.15,1,1,1,1,1,1,1,1,1,0,0,0,0,0,0,8
609,Sacred +9,神聖＋9,2.4,2.4,1,1,2.4,1,1,1.2,1.2,1,1.2,1,1,1,1,1,1,1,1,1,0,0,0,0,0,0,9
1200,Special,特別,1,1,1,1,2,1,1,1,1,1,1,1,1,1,1,1,1,1,1,1,0,0,0,0,0,0,0
1201,Special +1,特別＋1,1.1,1.1,1.1,1.1,2.1,1,1,1,1,1,1,1,1,1,1,1,1,1,1,1,0,0,0,0,0,0,1
1202,Special +2,特別＋2,1.2,1.2,1.2,1.2,2.2,1,1,1,1,1,1,1,1,1,1,1,1,1,1,1,0,0,0,0,0,0,2
1203,Special +3,特別＋3,1.3,1.3,1.3,1.3,2.3,1,1,1,1,1,1,1,1,1,1,1,1,1,1,1,0,0,0,0,0,0,3
1204,Special +4,特別＋4,1.4,1.4,1.4,1.4,2.4,1,1,1,1,1,1,1,1,1,1,1,1,1,1,1,0,0,0,0,0,0,4
1205,Special +5,特別＋5,1.5,1.5,1.5,1.5,2.5,1,1,1,1,1,1,1,1,1,1,1,1,1,1,1,0,0,0,0,0,0,5
200,Thunder,雷,1.8,1,1,1.8,2,1,1,1,1,1,1,1,1,1,1,1,1,1,1,1,0,0,0,0,0,0,0
201,Thunder +1,雷＋1,1.94,1,1,1.94,2.1,1,1,1,1,1,1,1,1,1,1.08,1,1,1,1,1,0,0,0,0,0,0,1
202,Thunder +2,雷＋2,2.08,1,1,2.08,2.2,1,1,1,1,1,1,1,1,1,1.16,1,1,1,1,1,0,0,0,0,0,0,2
203,Thunder +3,雷＋3,2.22,1,1,2.22,2.3,1,1,1,1,1,1,1,1,1,1.24,1,1,1,1,1,0,0,0,0,0,0,3
204,Thunder +4,雷＋4,2.36,1,1,2.36,2.4,1,1,1,1,1,1,1,1,1,1.32,1,1,1,1,1,0,0,0,0,0,0,4
205,Thunder +5,雷＋5,2.5,1,1,2.5,2.5,1,1,1,1,1,1,1,1,1,1.4,1,1,1,1,1,0,0,0,0,0,0,5
